handle,name,profile_url,followers,country,email,email_type,phone,posts,keywords,reel_url,reel_likes,reel_posted,reel_caption,found_on
schweta.happyminds,Shweta Gandhi,https://www.instagram.com/schweta.happyminds/,910891,India,c***@happyminds.co.in,own domain,+919*******56,5713,healthy breakfast,https://www.instagram.com/reel/DddELY3Jz-A/,2331,2026-09-19T03:41:15.000Z,"Comment below 👇🏻 “BREAKFAST” and I’ll share a simple, practical list of healthy breakfast ideas for kids that are nutritious, balanced and easy enough for busy mornings. 🍳🍓 . RESEARCH- Research and nu",2026-10-02
learnlively,Learn Lively | Arti Sahani | Healthy Recipes,https://www.instagram.com/learnlively/,882343,India,l***@gmail.com,personal inbox,,1373,high protein recipes,https://www.instagram.com/reel/Dd_d-kRS1ta/,414,2026-10-02T12:21:20.000Z,"💪 7 Days • 7 High-Protein Recipes 🤍 Breakfasts, wholesome meals & even high-protein desserts — everything in one place! 😍 Easy • Tasty • Filling • Protein-packed ✨ Want all 7 recipes? 👇 💬 Comment “PRO",2026-10-02
kalememaybe,Carina Wolff,https://www.instagram.com/kalememaybe/,791195,United States,c***@neonroseagency.com,manager or agency,,2938,meal prep,https://www.instagram.com/reel/Dd7I1WJp2NM/,769,2026-09-30T19:59:26.000Z,"1 meal prep recipe, 3 different ways to eat it through out the week!! all the recipes are in my (free) substack (goodmoodfood.news, also linked in my profile) this is episode 6 of my “meal prep for fo",2026-10-02
hungryraghavvv,Ajay raghav,https://www.instagram.com/hungryraghavvv/,759137,India,c***@gmail.com,personal inbox,,2440,high protein recipes,https://www.instagram.com/reel/DdBNAi3pKwe/,6215,2026-09-08T07:59:33.000Z,Easy high protein dinner recipes ❤️ Watch last 7-8 reel to get all the recipes or comment dinner ❤️ #recipe #viral #tasty,2026-10-02
chefshrutijain___,Shruti rakesh jain,https://www.instagram.com/chefshrutijain___/,749679,India,c***@gmail.com,personal inbox,+918*******47,2260,healthy breakfast,https://www.instagram.com/reel/DdQ6c_3hJ5I/,760,2026-09-14T10:25:49.000Z,"🥣✨ HEALTHY BREAKFAST MASTERCLASS ✨🥣 Want to start your day healthy but are tired of eating the same boring breakfast every day? 💚 Join my Healthy Breakfast Masterclass where I’ll teach you delicious, ",2026-10-02
lovesweatfitness,KATIE DUNLOP,https://www.instagram.com/lovesweatfitness/,488162,,c***@lovesweatfitness.com,own domain,,4736,high protein recipes,https://www.instagram.com/reel/DdsKJwGtmHh/,3,2026-09-25T00:21:55.000Z,"Welcome back to Fed Not Feral, where I share easy high protein meals that take no effort (in the captions!!) so you can be the snack, not just eat them. This is my high protein egg roll bowl. 455 calo",2026-10-02
theorganisedeverydaymum,Monique Popa,https://www.instagram.com/theorganisedeverydaymum/,458900,Australia,i***@envisionagency.co,manager or agency,,866,meal prep,https://www.instagram.com/reel/Dd-yMYEvEmI/,475,2026-10-02T05:57:18.000Z,"Self-Care done right! Meal prepping has become such an important part of my health, fitness and motherhood journey. I have just spent one hour to prepare breakfast, lunch and snacks for the next a few",2026-10-02
mealprepsandmacros,Jess Estrella | Prep With Jess,https://www.instagram.com/mealprepsandmacros/,360091,United States,p***@prepwithjess.com,own domain,,535,meal prep,https://www.instagram.com/reel/Dd7-_YLRWvI/,65,2026-10-01T03:52:10.000Z,"Let’s meal prep for the week ahead 👏🏼🥗 🍎 Apple Pie Overnight Oats 🍗 BBQ Chicken Sweet Potato Nachos 🍕 Ground Turkey Pizza Bowls 🥦 Broccoli Cheddar Egg Bites High-protein, easy to prep, and most import",2026-10-02
nourishment.nutrition,Cloie | Utah Dietitian,https://www.instagram.com/nourishment.nutrition/,305039,United States,n***@cuagency.co,manager or agency,,685,healthy breakfast,https://www.instagram.com/reel/DdzkYNbJ2dO/,1226,2026-09-27T21:24:43.000Z,"How to build a balanced breakfast⬇️ My goal with breakfast is usually to have something that is quick, delicious & keeps me full all morning! To make a meal that fills me up (& keeps me feeling full a",2026-10-02
fitnesswithsaz,Sarah Morris,https://www.instagram.com/fitnesswithsaz/,213671,United Kingdom,s***@wmgmt.co.uk,manager or agency,,2135,healthy breakfast,https://www.instagram.com/reel/DdT-o4qoRvF/,1489,2026-09-15T14:59:03.000Z,healthy breakfast ideas to meal prep 🍓🍓🍓 Granola: 2 cups oats 1 cup nuts (I used walnuts) 1/4 cup maple syrup or honey Dash of cinnamon 1/3 cup coconut oil melted Bake for 25-30 minutes at 180 degrees,2026-10-02
prettyontrack,yussy swaine | nutrition & fitness,https://www.instagram.com/prettyontrack/,205840,United States,p***@gmail.com,personal inbox,,943,healthy breakfast,https://www.instagram.com/reel/Dc3bny4Rzkm/,407,2026-09-04T13:00:50.000Z,"a week of balanced breakfast ideas 🤗🍳🍓💫 🍳 Toast with spreadable cheese, tomatoes and egg, plus fruit on the side 🍎 Yogurt bowl with protein powder, stovetop granola, powdered PB, apple and berries 🍅 T",2026-10-02
healthytome_,Healthy To Me 🌱,https://www.instagram.com/healthytome_/,152325,India,h***@gmail.com,personal inbox,,1301,healthy breakfast,https://www.instagram.com/reel/DdywC9ZMAo0/,59,2026-09-27T13:47:24.000Z,"🍳 **12 Healthy Breakfast Ideas to Start Your Day Right!** Looking for simple and nutritious breakfast inspiration? From **vegetable omelets and oatmeal** to **chia pudding, shakshuka, avocado toast, c",2026-10-02
jordos_world,Jordan Smith,https://www.instagram.com/jordos_world/,120187,United States,l***@gmail.com,personal inbox,,2600,meal prep,https://www.instagram.com/reel/Ddlssffu0cY/,197,2026-09-22T12:08:44.000Z,"easy meal preps forever & ever! mostly using easy, healthy recipes I can make in an hour total. Comment PREP and I’ll message you the recipes!!! #mealprep #recipes #viral #easyrecipes #cookwithme mom ",2026-10-02
ajfoodie,Anna | high protein • easy recipes,https://www.instagram.com/ajfoodie/,102873,United Kingdom,a***@gmail.com,personal inbox,,346,high protein recipes,https://www.instagram.com/reel/Dd3htoAIFBo/,897,2026-09-29T10:20:18.000Z,HIGH PROTEIN RECIPES THAT FEEL LIKE A TREAT ✨🤭 These are just a few of the 31 recipes in my high-protein recipe eboo!! sweet breakfasts and desserts I make when I want something that tastes really goo,2026-10-02
cookit_wuw,Kavita and Ankita,https://www.instagram.com/cookit_wuw/,93238,India,c***@gmail.com,personal inbox,,333,healthy breakfast,https://www.instagram.com/reel/Dd85MBROglE/,6024,2026-10-01T12:36:19.000Z,"Another Easy & delicious Breakfast Favourite- Balanced, Fresh and soo satisfying! Packed with protein, healthy fats and vitamins perfect for post workout meal! What you need - 2 eggs+ 4-5 mushroom 🍳🍄‍",2026-10-02
gustejanus,GUSTĖ JANUŠAUSKAITE,https://www.instagram.com/gustejanus/,14170,United States,g***@rarebloomtalent.com,manager or agency,,399,healthy breakfast,https://www.instagram.com/reel/DdkV6L6sXbV/,830,2026-09-21T23:31:25.000Z,"breakfast is quite literally the reason I go to sleep at night currently obsessed with this combo- eggs, turkey bacon, avocado + fruit. simple, whole foods & sooo good. #breakfastideas #healthybreakfa",2026-10-02
